{"cameraMode":{"drawMode":0,"name":"Shaded","section":"Shading Mode"},"sceneLighting":false,"audioPlay":false,"sceneViewState":{"showFog":false,"showMaterialUpdate":false,"showSkybox":false,"showFlares":false,"showImageEffects":false,"showParticleSystems":false},"in2DMode":false,"pivot":{"x":0.11489279568195343,"y":1.4411017894744874,"z":0.5406699180603027},"rotation":{"x":-0.052189312875270846,"y":0.14982129633426667,"z":-0.007914174348115921,"w":-0.9873124957084656},"size":22.0,"orthographic":false}