{"cameraMode":{"drawMode":0,"name":"Shaded","section":"Shading Mode"},"sceneLighting":true,"audioPlay":false,"sceneViewState":{"showFog":false,"showMaterialUpdate":false,"showSkybox":false,"showFlares":false,"showImageEffects":false,"showParticleSystems":false},"in2DMode":false,"pivot":{"x":17.709999084472658,"y":4.059999465942383,"z":68.18000030517578},"rotation":{"x":0.1622553914785385,"y":-0.8323871493339539,"z":0.3193196952342987,"w":0.422932505607605},"size":40.297706604003909,"orthographic":false}