{"cameraMode":{"drawMode":0,"name":"Shaded","section":"Shading Mode"},"sceneLighting":false,"audioPlay":false,"sceneViewState":{"showFog":false,"showMaterialUpdate":false,"showSkybox":false,"showFlares":false,"showImageEffects":false,"showParticleSystems":false},"in2DMode":false,"pivot":{"x":454.50030517578127,"y":279.0250244140625,"z":0.0},"rotation":{"x":0.022669300436973573,"y":0.10956280678510666,"z":-0.002515314845368266,"w":0.9937354326248169},"size":1191.68212890625,"orthographic":false}